{"AL": [41.000028, 19.9999619], "AD": [42.5407167, 1.5732033], "AR": [-34.9964963, -64.9672817], "AU": [-24.7761086, 134.755], "AT": [47.59397, 14.12456], "BD": [24.4769288, 90.2934413], "BE": [50.6402809, 4.6667145], "BM": [32.30382, -64.7561647], "BT": [27.549511, 90.5119273], "BO": [-17.0568696, -64.9912286], "BW": [-23.1681782, 24.5928742], "BR": [-10.3333333, -53.2], "BG": [42.6073975, 25.4856617], "KH": [12.5433216, 104.8144914], "CA": [61.0666922, -107.991707], "CL": [-31.7613365, -71.3187697], "CN": [35.000074, 104.999927], "CO": [4.099917, -72.9088133], "HR": [45.3658443, 15.6575209], "CZ": [49.7439047, 15.3381061], "DK": [55.670249, 10.3333283], "DO": [19.0974031, -70.3028026], "EC": [-1.3397668, -79.3666965], "EE": [58.7523778, 25.3319078], "FI": [63.2467777, 25.9209164], "FR": [46.603354, 1.8883335], "DE": [51.1638175, 10.4478313], "GH": [8.0300284, -1.0800271], "GR": [38.9953683, 21.9877132], "GL": [77.6192349, -42.8125967], "GU": [13.450125700000001, 144.75755102972062], "GT": [15.5855545, -90.345759], "HU": [47.1817585, 19.5060937], "IS": [64.9841821, -18.1059013], "IN": [22.3511148, 78.6677428], "ID": [-2.4833826, 117.8902853], "IE": [52.865196, -7.9794599], "IL": [30.8124247, 34.8594762], "IT": [42.6384261, 12.674297], "JP": [36.5748441, 139.2394179], "JO": [31.1667049, 36.941628], "KE": [1.4419683, 38.4313975], "KG": [41.5089324, 74.724091], "LA": [20.0171109, 103.378253], "LV": [56.8406494, 24.7537645], "LS": [-29.6039267, 28.3350193], "LT": [55.3500003, 23.7499997], "LU": [49.8158683, 6.1296751], "MK": [41.6171214, 21.7168387], "MG": [-18.9249604, 46.4416422], "MY": [4.5693754, 102.2656823], "MT": [35.8885993, 14.4476911], "MX": [23.6585116, -102.0077097], "MC": [43.7323492, 7.4276832], "MN": [46.8250388, 103.8499736], "ME": [42.9868853, 19.5180992], "NL": [52.2434979, 5.6343227], "NZ": [-41.5000831, 172.8344077], "NG": [9.6000359, 7.9999721], "NO": [61.1529386, 8.7876653], "PK": [30.3308401, 71.247499], "PS": [31.462420950000002, 34.262716572130714], "PE": [-6.8699697, -75.0458515], "PH": [12.7503486, 122.7312101], "PL": [52.215933, 19.134422], "PT": [39.6621648, -8.1353519], "PR": [18.2247706, -66.4858295], "RO": [45.9852129, 24.6859225], "RU": [64.6863136, 97.7453061], "RW": [-1.9646631, 30.0644358], "SN": [14.4750607, -14.4529612], "RS": [44.1534121, 20.55144], "SG": [1.357107, 103.8194992], "SK": [48.7411522, 19.4528646], "SI": [46.1199444, 14.8153333], "ZA": [-28.8166236, 24.991639], "KR": [36.638392, 127.6961188], "ES": [39.3260685, -4.8379791], "LK": [7.877395849999999, 80.66247852355892], "SZ": [-26.5624806, 31.3991317], "SE": [59.6749712, 14.5208584], "CH": [46.7985624, 8.2319736], "TW": [23.9739374, 120.9820179], "TH": [14.8971921, 100.83273], "TN": [33.8439408, 9.400138], "TR": [38.9597594, 34.9249653], "UG": [1.5333554, 32.2166578], "UA": [49.4871968, 31.2718321], "AE": [24.0002488, 53.9994829], "GB": [54.7023545, -3.2765753], "US": [39.7837304, -100.445882], "UY": [-32.8755548, -56.0201525], "VN": [15.9266657, 107.9650855]}