{"Albania": [41.000028, 19.9999619], "Andorra": [42.5407167, 1.5732033], "Argentina": [-34.9964963, -64.9672817], "Australia": [-24.7761086, 134.755], "Austria": [47.59397, 14.12456], "Bangladesh": [24.4769288, 90.2934413], "Belgium": [50.6402809, 4.6667145], "Bermuda": [32.30382, -64.7561647], "Bhutan": [27.549511, 90.5119273], "Bolivia": [-17.0568696, -64.9912286], "Botswana": [-23.1681782, 24.5928742], "Brazil": [-10.3333333, -53.2], "Bulgaria": [42.6073975, 25.4856617], "Cambodia": [12.5433216, 104.8144914], "Canada": [61.0666922, -107.991707], "Chile": [-31.7613365, -71.3187697], "China": [35.000074, 104.999927], "Colombia": [4.099917, -72.9088133], "Croatia": [45.3658443, 15.6575209], "Czech Republic": [49.7439047, 15.3381061], "Denmark": [55.670249, 10.3333283], "Dominican Republic": [19.0974031, -70.3028026], "Ecuador": [-1.3397668, -79.3666965], "Estonia": [58.7523778, 25.3319078], "Finland": [63.2467777, 25.9209164], "France": [46.603354, 1.8883335], "Germany": [51.1638175, 10.4478313], "Ghana": [8.0300284, -1.0800271], "Greece": [38.9953683, 21.9877132], "Greenland": [77.6192349, -42.8125967], "Guam": [13.450125700000001, 144.75755102972062], "Guatemala": [15.5855545, -90.345759], "Hungary": [47.1817585, 19.5060937], "Iceland": [64.9841821, -18.1059013], "India": [22.3511148, 78.6677428], "Indonesia": [-2.4833826, 117.8902853], "Ireland": [52.865196, -7.9794599], "Israel": [30.8124247, 34.8594762], "Italy": [42.6384261, 12.674297], "Japan": [36.5748441, 139.2394179], "Jordan": [31.1667049, 36.941628], "Kenya": [1.4419683, 38.4313975], "Kyrgyzstan": [41.5089324, 74.724091], "Laos": [20.0171109, 103.378253], "Latvia": [56.8406494, 24.7537645], "Lesotho": [-29.6039267, 28.3350193], "Lithuania": [55.3500003, 23.7499997], "Luxembourg": [49.8158683, 6.1296751], "Macedonia": [41.6171214, 21.7168387], "Madagascar": [-18.9249604, 46.4416422], "Malaysia": [4.5693754, 102.2656823], "Malta": [35.8885993, 14.4476911], "Mexico": [23.6585116, -102.0077097], "Monaco": [43.7323492, 7.4276832], "Mongolia": [46.8250388, 103.8499736], "Montenegro": [42.9868853, 19.5180992], "Netherlands": [52.2434979, 5.6343227], "New Zealand": [-41.5000831, 172.8344077], "Nigeria": [9.6000359, 7.9999721], "Norway": [61.1529386, 8.7876653], "Pakistan": [30.3308401, 71.247499], "Palestine": [31.462420950000002, 34.262716572130714], "Peru": [-6.8699697, -75.0458515], "Philippines": [12.7503486, 122.7312101], "Poland": [52.215933, 19.134422], "Portugal": [39.6621648, -8.1353519], "Puerto Rico": [18.2247706, -66.4858295], "Romania": [45.9852129, 24.6859225], "Russia": [64.6863136, 97.7453061], "Rwanda": [-1.9646631, 30.0644358], "Senegal": [14.4750607, -14.4529612], "Serbia": [44.1534121, 20.55144], "Singapore": [1.357107, 103.8194992], "Slovakia": [48.7411522, 19.4528646], "Slovenia": [46.1199444, 14.8153333], "South Africa": [-28.8166236, 24.991639], "South Korea": [36.638392, 127.6961188], "Spain": [39.3260685, -4.8379791], "Sri Lanka": [7.877395849999999, 80.66247852355892], "Swaziland": [-26.5624806, 31.3991317], "Sweden": [59.6749712, 14.5208584], "Switzerland": [46.7985624, 8.2319736], "Taiwan": [23.9739374, 120.9820179], "Thailand": [14.8971921, 100.83273], "Tunisia": [33.8439408, 9.400138], "Turkey": [38.9597594, 34.9249653], "Uganda": [1.5333554, 32.2166578], "Ukraine": [49.4871968, 31.2718321], "United Arab Emirates": [24.0002488, 53.9994829], "United Kingdom": [54.7023545, -3.2765753], "United States": [39.7837304, -100.445882], "Uruguay": [-32.8755548, -56.0201525], "Vietnam": [15.9266657, 107.9650855]}